{
  "melding": "begjaeringVaretekt",
  "forsendelse": {
    "meldingsId": "DA94615B-CA38-4063-A447-07DA58031994",
    "sendtTid": "2022-12-11T18:21:37+02:00",
    "avsender": {
      "organisasjon": {
        "organisasjonsnummer": "983997953",
        "navn": "Innlandet politidistrikt"
      },
      "saksbehandler": {
        "brukeridentifikasjon": "PD",
        "navn": {
          "etternavn": "Politiets Datatjeneste"
        }
      }
    },
    "mottakerOrganisasjon": {
      "organisasjonsnummer": "926723480",
      "navn": "Agder tingrett"
    }
  },
  "hovedStraffesaksnummer": "15434819",
  "begjaeringVaretekt": {
    "kravId": "11A436D1-E434-4FFD-9B9D-F95E3A67F384",
    "siktet": {
      "person": {
        "internId": "700892415",
        "navn": {
          "fornavn": "Masse",
          "etternavn": "KIWI"
        },
        "identitetsnummer": {
          "foedselsnummer": "19877099302"
        },
        "tilleggsId": [],
        "kjoenn": "MANN",
        "foedselsdato": "1970-07-19",
        "statsborgerskap": [
          {
            "kode": "NOR",
            "navn": "Norge"
          }],
        "personAdresse": {
          "adresse": {
            "adresselinjer": ["Rugdeberget 2"],
            "postnummer": "1266",
            "poststed": "OSLO"
          }
        }
      },
      "forsvarer": {
        "tittel": "Advokat",
        "navn": {
          "fornavn": "Ole",
          "etternavn": "Olsen"
        }
      },
      "verger": []
    },
    "varetekt": {
      "lovbud": {
        "lovbudStreng": "Straffeprosessloven § 171 første ledd nr. 2 og 3, jf. §§ 170a og 185"
      },
      "paastandVaretekt": {
        "fengsling": {
          "id": "FA1B8C07-95D0-42CE-96DB-5A2D1ECD54DA",
          "antallDager": 28
        },
        "restriksjoner": [
          {
            "id": "FC82C8C6-B7B8-4880-8DEC-10B4FC7B0BF5",
            "restriksjonsType": "BREV_OG_BESOEKSFORBUD",
            "lovbudEnkel": {
              "lovbudStreng": "Strpl. § 186, 2.ledd 1.pkt."
            },
            "periode": {
              "startDag": 1,
              "antallDager": 14
            }
          },
          {
            "id": "45080BAB-4AC2-4487-A61E-401C18CE6AA4",
            "restriksjonsType": "BREV_OG_BESOEKSKONTROLL",
            "lovbudEnkel": {
              "lovbudStreng": "Strpl. § 186, 2.ledd 1.pkt."
            },
            "periode": {
              "startDag": 15,
              "antallDager": 14
            }
          }],
        "isolasjon": [
          {
            "id": "40489FA8-387E-4061-907D-B909FE992A5A",
            "isolasjonsType": "FULL_ISOLASJON",
            "lovbudEnkel": {
              "lovbudStreng": "Strpl. § 186a"
            },
            "periode": {
              "startDag": 1,
              "antallDager": 14
            }
          }]
      },
      "vilkaar": [
        {
          "type": "STRPL171_2_BEVISFORSPILLELSE",
          "lovbudEnkel": {
            "lovbudStreng": "Strpl § 171 nr 2"
          }
        },
        {
          "type": "STRPL171_3_GJENTAGELSESFARE",
          "lovbudEnkel": {
            "lovbudStreng": "Strpl § 171 nr 3"
          }
        },
        {
          "type": "STRPL170A_FORHOLSMESSIGHET",
          "lovbudEnkel": {
            "lovbudStreng": "Strpl § 170a"
          }
        }]
    },
    "saksinformasjon": {
      "varetektsType": "VANLIG",
      "forlengelse": {
        "avgjoerelseId": "12345678987654321",
        "beskrivelse": "Siktede ble fengslet ved <.................> tingretts kjennelse av <.................>, jf. dok. nr. <.................>. "
      },
      "hovedforhandling": {
        "beskrivelse": "Påtalemyndigheten har som mål å beramme hovedforhandling før varetektsperioden utløper, hovedforhandling starter ..",
        "berammetDato": "2022-12-21"
      },
      "paagrepetTidspunkt": "2022-11-11T18:21:37+02:00",
      "berammetFengslingsmoete": {
        "dato": "2022-12-31",
        "sted": "Sal 3, tinghuset"
      },
      "forsvarerSaksdokumenter": {
        "status": "VARSLET_DOK",
        "beskrivelse": "Forsvarer er varslet om fengslingsmøtet og har fått gjenpart av saksdokumentene"
      },
      "varsleBistandsadvokat": "Retten anmodes om å varsle bistandsadvokaten om tidspunktet for rettsmøtet, jf. straffeprosessloven § 107c, 2. led",
      "begrenseOffentlighet": "FORBUD_GJENGIVELSE",
      "ansvarligPaatalejurist": {
        "brukeridentifikasjon": "TEB012",
        "tittel": "Politifullmektig",
        "navn": {
          "fornavn": "Tom Erik Wassenaar",
          "etternavn": "Berntsen"
        },
        "kontakt": {
          "telefon": "55224411"
        }
      },
      "aktor": {
        "brukeridentifikasjon": "TEB012",
        "tittel": "Politifullmektig",
        "navn": {
          "fornavn": "Tom Erik Wassenaar",
          "etternavn": "Berntsen"
        },
        "kontakt": {
          "telefon": "55224411"
        }
      }
    }
  },
  "vedlegg": {
    "siktelse": {
      "punkt": [
        {
          "nummer": "I",
          "prinsipalPunkt": {
            "lovbud": [
              {
                "lovbudId": "{0B0D6AED-3A43-4B70-AD86-8A4FE38B090B}",
                "lovbudStreng": "Straffeloven § 232 annet ledd første straffalternativ, jf. § 231 første ledd, jf. straffeloven § 27",
                "gjengivelse": "for ulovlig å ha tilvirket, innført, utført, ervervet, oppbevart, sendt eller overdratt narkotika. \r\n\r\nOvertredelsen omfatter en meget betydelig mengde.\r\n\r\nNår et straffebud er overtrådt av noen som har handlet på vegne av et foretak, kan foretaket straffes."
              }],
            "grunnlag": [
              {
                "grunnlagstekst": "Campingbil med kokeutstyr og Breaking Bad DVD'er",
                "basissaker": [
                  {
                    "straffesaksnummer": "15434820",
                    "personForetakEnkel": {
                      "personEnkel": {
                        "internId": "700892415",
                        "navn": {
                          "fornavn": "Masse",
                          "etternavn": "KIWI"
                        },
                        "foedselsdato": "1970-07-19"
                      }
                    }
                  },
                  {
                    "straffesaksnummer": "15434820",
                    "personForetakEnkel": {
                      "personEnkel": {
                        "internId": "700892414",
                        "navn": {
                          "fornavn": "Morsom",
                          "etternavn": "KIWI"
                        },
                        "foedselsdato": "1963-04-14"
                      }
                    }
                  }]
              }]
          }
        },
        {
          "nummer": "II",
          "prinsipalPunkt": {
            "lovbud": [
              {
                "lovbudId": "{664DC73B-828D-4196-9D94-5EB1D1811A9B}",
                "lovbudStreng": "Straffeloven § 273",
                "gjengivelse": "for å ha skadet en annens kropp eller helse, gjort en annen fysisk maktesløs eller fremkalt bevisstløshet eller liknende tilstand hos en annen."
              }],
            "grunnlag": [
              {
                "grunnlagstekst": "Lormen Quatro ble lappet til av Morsom Kiwi så han blødde neseblod.",
                "basissaker": [
                  {
                    "straffesaksnummer": "15434821",
                    "personForetakEnkel": {
                      "personEnkel": {
                        "internId": "700892414",
                        "navn": {
                          "fornavn": "Morsom",
                          "etternavn": "KIWI"
                        },
                        "foedselsdato": "1963-04-14"
                      }
                    }
                  }]
              }]
          }
        },
        {
          "nummer": "III",
          "prinsipalPunkt": {
            "lovbud": [
              {
                "lovbudId": "{1713FA29-4E82-7F97-E053-0B3EA30AAE0D}",
                "lovbudStreng": "Straffeloven (1902) § 227 første straffalternativ og straffeloven § 263",
                "gjengivelse": "for i ord eller handling å ha truet med en straffbar handling som kan medføre høyere straff enn 6 måneders fengsel, under slike omstendigheter at trusselen var skikket til å fremkalle alvorlig frykt"
              }],
            "grunnlag": [
              {
                "grunnlagstekst": "Torsdag 1. januar 2015 kl. 00.00 i Walmannsvegen 81 i Eidskog truet Morsom Kiwi fornærmede med en avsaget hagle.",
                "basissaker": [
                  {
                    "straffesaksnummer": "15434850",
                    "personForetakEnkel": {
                      "personEnkel": {
                        "internId": "700892414",
                        "navn": {
                          "fornavn": "Morsom",
                          "etternavn": "KIWI"
                        },
                        "foedselsdato": "1963-04-14"
                      }
                    }
                  }]
              }]
          }
        },
        {
          "nummer": "IV",
          "prinsipalPunkt": {
            "lovbud": [
              {
                "lovbudId": "{DC423098-A15E-4408-BB35-85C101725AE0}",
                "lovbudStreng": "Straffeloven § 323 første ledd, jf. § 321",
                "gjengivelse": "for å ha tatt en gjenstand som tilhørte en annen, med forsett om å skaffe seg eller andre en uberettiget vinning ved å selge, forbruke eller på annen måte tilegne seg den. \r\n\r\nStraffskylden er liten fordi det gjelder en ubetydelig verdi og forholdene for øvrig tilsier det."
              }],
            "grunnlag": [
              {
                "grunnlagstekst": "Lørdag 1. januar 2022 kl. 00.00 i Waldemar Carlsens veg 4 i Kongsvinger tok Morsom Kiwi og Masse Kiwi og grisebanket dama til Morsom Kiwi Sannferdig Kos. Sannferdig Kos fikk fire knekte ribbeing, knust nese og knekt fot.",
                "basissaker": [
                  {
                    "straffesaksnummer": "15434819",
                    "personForetakEnkel": {
                      "personEnkel": {
                        "internId": "700892415",
                        "navn": {
                          "fornavn": "Masse",
                          "etternavn": "KIWI"
                        },
                        "foedselsdato": "1970-07-19"
                      }
                    }
                  },
                  {
                    "straffesaksnummer": "15434819",
                    "personForetakEnkel": {
                      "personEnkel": {
                        "internId": "700892414",
                        "navn": {
                          "fornavn": "Morsom",
                          "etternavn": "KIWI"
                        },
                        "foedselsdato": "1963-04-14"
                      }
                    }
                  },
                  {
                    "straffesaksnummer": "15434819",
                    "personForetakEnkel": {
                      "foretakEnkel": {
                        "internId": "340078107",
                        "organisasjonsnummer": "984954808",
                        "navn": "Obs"
                      }
                    }
                  },
                  {
                    "straffesaksnummer": "15434819",
                    "personForetakEnkel": {
                      "personEnkel": {
                        "internId": "700893213",
                        "navn": {
                          "fornavn": "Per",
                          "etternavn": "OTTERSTAD"
                        },
                        "foedselsdato": "1975-12-12"
                      }
                    }
                  }]
              }]
          }
        }]
    },
    "straffesaker": [
      {
        "straffesaksnummer": "15434819",
        "detaljer": {
          "hendelse": {
            "gjerningstidspunktFra": "2022-01-01T00:00:00+02:00",
            "gjerningstidspunktTil": "2022-01-01T00:00:00+02:00",
            "gjerningssted": {
              "adresselinjer": ["Waldemar Carlsens veg 4"],
              "postnummer": "2214",
              "poststed": "KONGSVINGER",
              "land": {
                "kode": "NOR",
                "navn": "Norge"
              }
            }
          },
          "statistikkgruppe": {
            "kode": "0933",
            "navn": "Mindre tyveri diverse"
          }
        },
        "involverte": {
          "siktet": {
            "internId": "700892415",
            "navn": {
              "fornavn": "Masse",
              "etternavn": "KIWI"
            },
            "foedselsdato": "1970-07-19"
          },
          "medsiktede": [
            {
              "person": {
                "internId": "700892414",
                "navn": {
                  "fornavn": "Morsom",
                  "etternavn": "KIWI"
                },
                "identitetsnummer": {
                  "foedselsnummer": "14846399381"
                },
                "tilleggsId": [],
                "kjoenn": "MANN",
                "foedselsdato": "1963-04-14",
                "statsborgerskap": [
                  {
                    "kode": "NOR",
                    "navn": "Norge"
                  }],
                "personAdresse": {
                  "adresse": {
                    "adresselinjer": ["Bjørklund 21"],
                    "postnummer": "4137",
                    "poststed": "ÅRDAL I RYFYLKE"
                  }
                }
              }
            },
            {
              "foretak": {
                "internId": "340078107",
                "organisasjonsnummer": "984954808",
                "navn": "Obs"
              }
            },
            {
              "person": {
                "internId": "700893213",
                "navn": {
                  "fornavn": "Per",
                  "etternavn": "OTTERSTAD"
                },
                "tilleggsId": [],
                "kjoenn": "MANN",
                "foedselsdato": "1975-12-12",
                "statsborgerskap": [
                  {
                    "kode": "NOR",
                    "navn": "Norge"
                  }]
              }
            }],
          "fornaermede": [
            {
              "person": {
                "internId": "700892735",
                "navn": {
                  "fornavn": "Sannferdig",
                  "etternavn": "KOS"
                },
                "identitetsnummer": {
                  "foedselsnummer": "31907499858"
                },
                "tilleggsId": [],
                "kjoenn": "KVINNE",
                "foedselsdato": "1974-10-31",
                "statsborgerskap": [
                  {
                    "kode": "NOR",
                    "navn": "Norge"
                  }],
                "personAdresse": {
                  "adresse": {
                    "adresselinjer": ["Bratsberggata 29"],
                    "postnummer": "3714",
                    "poststed": "SKIEN"
                  }
                }
              }
            }],
          "vitne": [
            {
              "internId": "700892775",
              "navn": {
                "fornavn": "Naturstridig",
                "etternavn": "BALLONG"
              },
              "identitetsnummer": {
                "foedselsnummer": "21907699738"
              },
              "tilleggsId": [],
              "kjoenn": "MANN",
              "foedselsdato": "1976-10-21",
              "statsborgerskap": [
                {
                  "kode": "NOR",
                  "navn": "Norge"
                }],
              "personAdresse": {
                "adresse": {
                  "adresselinjer": ["Øvstedalsvegen 87"],
                  "postnummer": "6391",
                  "poststed": "TRESFJORD"
                }
              }
            },
            {
              "internId": "700893306",
              "navn": {
                "fornavn": "Taktfull",
                "etternavn": "HOPPE"
              },
              "identitetsnummer": {
                "foedselsnummer": "14845795658"
              },
              "tilleggsId": [],
              "kjoenn": "KVINNE",
              "foedselsdato": "1957-04-14",
              "statsborgerskap": [
                {
                  "kode": "NOR",
                  "navn": "Norge"
                }],
              "personAdresse": {
                "adresse": {
                  "adresselinjer": ["Geisnesvegen 1505"],
                  "postnummer": "7960",
                  "poststed": "SALSBRUKET"
                }
              }
            }]
        }
      },
      {
        "straffesaksnummer": "15434820",
        "detaljer": {
          "hendelse": {
            "gjerningstidspunktFra": "2022-03-01T00:00:00+02:00",
            "gjerningstidspunktTil": "2022-03-01T00:00:00+02:00",
            "gjerningssted": {
              "adresselinjer": ["Loftsgårdsvegen 5"],
              "postnummer": "2670",
              "poststed": "OTTA",
              "land": {
                "kode": "NOR",
                "navn": "Norge"
              }
            }
          },
          "statistikkgruppe": {
            "kode": "0753",
            "navn": "Grov narkotikaovertredelse, betydelig mengde"
          }
        },
        "involverte": {
          "siktet": {
            "internId": "700892415",
            "navn": {
              "fornavn": "Masse",
              "etternavn": "KIWI"
            },
            "foedselsdato": "1970-07-19"
          },
          "medsiktede": [
            {
              "person": {
                "internId": "700892414",
                "navn": {
                  "fornavn": "Morsom",
                  "etternavn": "KIWI"
                },
                "identitetsnummer": {
                  "foedselsnummer": "14846399381"
                },
                "tilleggsId": [],
                "kjoenn": "MANN",
                "foedselsdato": "1963-04-14",
                "statsborgerskap": [
                  {
                    "kode": "NOR",
                    "navn": "Norge"
                  }],
                "personAdresse": {
                  "adresse": {
                    "adresselinjer": ["Bjørklund 21"],
                    "postnummer": "4137",
                    "poststed": "ÅRDAL I RYFYLKE"
                  }
                }
              }
            }],
          "fornaermede": [
            {
              "foretak": {
                "internId": "60044820",
                "organisasjonsnummer": "976878442",
                "navn": "Rema 100"
              }
            }],
          "vitne": [
            {
              "internId": "700892688",
              "navn": {
                "fornavn": "Ariane",
                "etternavn": "HUFSETE"
              },
              "tilleggsId": [],
              "kjoenn": "KVINNE",
              "foedselsdato": "1970-01-01",
              "statsborgerskap": [
                {
                  "kode": "ARM",
                  "navn": "Armenia"
                }]
            }]
        }
      },
      {
        "straffesaksnummer": "15434821",
        "detaljer": {
          "hendelse": {
            "gjerningstidspunktFra": "2022-04-05T00:00:00+02:00",
            "gjerningstidspunktTil": "2022-04-05T00:00:00+02:00",
            "gjerningssted": {
              "adresselinjer": ["Rabben 9"],
              "postnummer": "2611",
              "poststed": "LILLEHAMMER",
              "land": {
                "kode": "NOR",
                "navn": "Norge"
              }
            }
          },
          "statistikkgruppe": {
            "kode": "1754",
            "navn": "Kroppsskade"
          }
        },
        "involverte": {
          "medsiktede": [
            {
              "person": {
                "internId": "700892414",
                "navn": {
                  "fornavn": "Morsom",
                  "etternavn": "KIWI"
                },
                "identitetsnummer": {
                  "foedselsnummer": "14846399381"
                },
                "tilleggsId": [],
                "kjoenn": "MANN",
                "foedselsdato": "1963-04-14",
                "statsborgerskap": [
                  {
                    "kode": "NOR",
                    "navn": "Norge"
                  }],
                "personAdresse": {
                  "adresse": {
                    "adresselinjer": ["Bjørklund 21"],
                    "postnummer": "4137",
                    "poststed": "ÅRDAL I RYFYLKE"
                  }
                }
              }
            }],
          "fornaermede": [
            {
              "person": {
                "internId": "700892547",
                "navn": {
                  "fornavn": "Lormen",
                  "etternavn": "QUATRO"
                },
                "tilleggsId": [],
                "kjoenn": "MANN",
                "foedselsdato": "1978-01-12",
                "statsborgerskap": [
                  {
                    "kode": "ITA",
                    "navn": "Italia"
                  }]
              }
            }],
          "vitne": []
        }
      },
      {
        "straffesaksnummer": "15434850",
        "detaljer": {
          "hendelse": {
            "gjerningstidspunktFra": "2015-01-01T00:00:00+02:00",
            "gjerningstidspunktTil": "2015-11-01T00:00:00+02:00",
            "gjerningssted": {
              "adresselinjer": ["Walmannsvegen 81"],
              "postnummer": "2230",
              "poststed": "SKOTTERUD",
              "land": {
                "kode": "NOR",
                "navn": "Norge"
              }
            }
          },
          "statistikkgruppe": {
            "kode": "1604",
            "navn": "Trusler, skytevåpen (§ 227)"
          }
        },
        "involverte": {
          "medsiktede": [
            {
              "person": {
                "internId": "700892414",
                "navn": {
                  "fornavn": "Morsom",
                  "etternavn": "KIWI"
                },
                "identitetsnummer": {
                  "foedselsnummer": "14846399381"
                },
                "tilleggsId": [],
                "kjoenn": "MANN",
                "foedselsdato": "1963-04-14",
                "statsborgerskap": [
                  {
                    "kode": "NOR",
                    "navn": "Norge"
                  }],
                "personAdresse": {
                  "adresse": {
                    "adresselinjer": ["Bjørklund 21"],
                    "postnummer": "4137",
                    "poststed": "ÅRDAL I RYFYLKE"
                  }
                }
              }
            }],
          "fornaermede": [
            {
              "person": {
                "internId": "700892735",
                "navn": {
                  "fornavn": "Sannferdig",
                  "etternavn": "KOS"
                },
                "identitetsnummer": {
                  "foedselsnummer": "31907499858"
                },
                "tilleggsId": [],
                "kjoenn": "KVINNE",
                "foedselsdato": "1974-10-31",
                "statsborgerskap": [
                  {
                    "kode": "NOR",
                    "navn": "Norge"
                  }],
                "personAdresse": {
                  "adresse": {
                    "adresselinjer": ["Bratsberggata 29"],
                    "postnummer": "3714",
                    "poststed": "SKIEN"
                  }
                }
              }
            }],
          "vitne": []
        }
      }],
    "dokumenter": [
      {
        "internId": "1234567879",
        "overskrift": "Begjæring om varetekt, Kiwi",
        "skrevetDato": "2022-12-11",
        "forsendelse": {
          "mimeType": "application/pdf",
          "uri": "file:///asdfasdf",
          "sjekksum": "234s"
        }
      },
      {
        "internId": "123234567879",
        "overskrift": "Siktelse",
        "kategori": {
          "kode": "siktelse"
        },
        "skrevetDato": "2022-11-21",
        "forsendelse": {
          "mimeType": "application/pdf",
          "uri": "file:///asdfaasdfsdf",
          "sjekksum": "234asass"
        }
      }]
  }
}