{
  "$schema": "https://json-schema.org/draft/2020-12/schema",
  "type": "object",
  "description": "Insettelsesordre fra påtale til fengsel (KDI)",
  "required": [
    "forsendelse",
    "hovedStraffesaksnummer",
    "varetektSyklusId",
    "ordreId",
    "ordreKjennelse",
    "paagrepetTidspunkt",
    "personVaretektInfo"
  ],
  "additionalProperties": false,
  "properties": {
    "forsendelse": { "$ref": "#/definitions/forsendelse" },
    "hovedStraffesaksnummer": { "type": "string" },
    "kontaktPersonKDI": { "$ref": "#/definitions/ansatt" },
    "varetektSyklusId": { "type": "string" },
    "ordreId": { "type": "string" },
    "ordreKjennelse": {
      "oneOf": [
        { "$ref": "#/definitions/ordrePaataleOneOf" },
        { "$ref": "#/definitions/kjennelseVaretektOneOf" }
      ]
    },
    "paagrepetTidspunkt": {
      "type": "string",
      "format": "date-time"
    },
    "personVaretektInfo": { "$ref": "#/definitions/personVaretektInfo" },
    "paategningsdokumentRef": { "$ref": "#/definitions/dokumentRef" },
    "dokumenter": {
      "type": "array",
      "items": { "$ref": "#/definitions/dokument" }
    }
  },

  "definitions": {
    "personVaretektInfo": {
      "title": "personVaretektInfo",
      "type": "object",
      "required": [
        "personVaretekt",
        "straffesaker"
      ],
      "additionalProperties": false,
      "properties": {
        "personVaretekt": {
          "$ref": "#/definitions/personFull"
        },
        "helseopplysninger": {
          "type": "string"
        },
        "straffesaker": {
          "type": "array",
          "title": "straffesaker",
          "items": {
            "$ref": "#/definitions/straffesakLovbudInvolverte"
          }
        }
      }
    },
    "adresse": {
      "type": "object",
      "properties": {
        "adresselinjer": {
          "type": "array",
          "items": {
            "type": "string",
            "minLength": 1,
            "maxLength": 500
          },
          "minContains": 1,
          "maxContains": 4
        },
        "postnummer": { "type": "string" },
        "poststed": { "type": "string" },
        "land": { "$ref": "#/definitions/land" }
      },
      "required": [ "adresselinjer" ],
      "additionalProperties": false
    },
    "kodeverk": {
      "properties": {
        "kode": { "type": "string" },
        "navn": { "type": "string" }
      },
      "required": [ "kode" ],
      "additionalProperties": false
    },
    "kontaktInfo": {
      "properties": {
        "epost": { "type": "string" },
        "telefon": { "type": "string" }
      },
      "additionalProperties": false
    },
    "land": {
      "description": "ISO-3166, Kosovo kommer",
      "type": "object",
      "properties": {
        "kode": {
          "type": "string",
          "pattern": "[A-Z]+",
          "minLength": 3,
          "maxLength": 3
        },
        "navn": { "type": "string" }
      },
      "required": [ "kode" ]
    },
    "organisasjon": {
      "description": "Organisasjon som kan sende eller motta JustisHub meldinger",
      "type": "object",
      "properties": {
        "organisasjonsnummer": { "type": "string" },
        "navn": { "type": "string" },
        "kontakt": { "$ref": "#/definitions/kontaktInfo" }
      },
      "required": [ "organisasjonsnummer", "navn" ],
      "additionalProperties": false
    },
    "ansatt": {
      "description": "Saksbehandler, jurist etterforsker hos politiet, ansatte hos domstolene eller kriminalomsorgen",
      "type": "object",
      "properties": {
        "brukeridentifikasjon": { "type": "string" },
        "tittel": { "type": "string" },
        "navn": {
          "type": "object",
          "properties": {
            "fornavn": { "type": "string" },
            "mellomnavn": { "type": "string" },
            "etternavn": { "type": "string" }
          },
          "required": [ "etternavn" ],
          "additionalProperties": false
        },
        "kontakt": { "$ref": "#/definitions/kontaktInfo" }
      },
      "required": [ "navn" ],
      "additionalProperties": false
    },
    "dokument": {
      "description": "Dokument som oversendes på justishub",
      "properties": {
        "internId": { "type": "string" },
        "kategori": { "$ref": "#/definitions/kodeverk" },
        "overskrift": { "type": "string" },
        "skrevetDato": {
          "type": "string",
          "format": "date"
        },
        "forsendelse": { "$ref": "#/definitions/dokumentForsendelse" }
      },
      "required": [ "overskrift", "forsendelse" ],
      "additionalProperties": false
    },
    "dokumentForsendelse": {
      "description": "Detaljer om lokasjon og ty9pe",
      "properties": {
        "mimeType": { "type": "string" },
        "uri": { "type": "string" },
        "sjekksum": { "type": "string" }
      },
      "required": [ "mimeType", "uri", "sjekksum" ],
      "additionalProperties": false
    },
    "dokumentRef": {
      "description": "Referanse internt i melding til dokumenter i dokumentlisten",
      "properties": {
        "internId": { "type": "string" }
      },
      "required": [ "internId" ],
      "additionalProperties": false
    },
    "forsendelse": {
      "properties": {
        "meldingsId": { "type": "string" },
        "sendtTid": {
          "type": "string",
          "format": "date-time"
        },
        "avsender": { "$ref": "#/definitions/avsender" },
        "mottaker": { "$ref": "#/definitions/mottaker" }
      },
      "required": [ "meldingsId", "avsender", "mottaker", "sendtTid" ],
      "additionalProperties": false
    },
    "avsender": {
      "properties": {
        "organisasjon": { "$ref": "#/definitions/organisasjon" },
        "saksbehandler": { "$ref": "#/definitions/ansatt" }
      },
      "required": [ "organisasjon" ],
      "additionalProperties": false
    },
    "mottaker": {
      "properties": {
        "organisasjon": { "$ref": "#/definitions/organisasjon" }
      },
      "required": [ "organisasjon" ],
      "additionalProperties": false
    },
    "lovbudFull": {
      "description": "Lovvbudreferanse med gjengivelse og strafferamme",
      "properties": {
        "lovbudId": { "type": "string" },
        "lovbudStreng": { "type": "string" },
        "gjengivelse": { "type": "string" },
        "hjemmel": {
          "type": "array",
          "items": { "$ref": "#/definitions/lovreferanse" },
          "minItems": 1
        },
        "strafferamme": {
          "type": "integer",
          "description": "Antall måneder"
        }
      },
      "required": [ "lovbudStreng", "gjengivelse" ],
      "additionalProperties": false
    },
    "lovbudGjengivelse": {
      "description": "Lovvbudreferanse med gjengivelse",
      "properties": {
        "lovbudId": { "type": "string" },
        "lovbudStreng": { "type": "string" },
        "gjengivelse": { "type": "string" }
      },
      "required": [ "lovbudStreng", "gjengivelse" ],
      "additionalProperties": false
    },
    "lovbudEnkel": {
      "description": "Enkel lovbudreferanse kun lovbudstreng",
      "properties": {
        "lovbudId": { "type": "string" },
        "lovbudStreng": { "type": "string" }
      },
      "required": [ "lovbudStreng" ],
      "additionalProperties": false
    },
    "lovreferanse": {
      "description": "Eksakt referanse inn i spesifikk lov, paragraf, ledd osv.",
      "properties": {
        "rettskilde": { "$ref": "#/definitions/kodeverk" },
        "lovreferanse": {
          "type": "array",
          "items": { "$ref": "#/definitions/lovreferanseElement" },
          "minItems": 1
        }
      },
      "required": [ "rettskilde", "lovreferanse" ],
      "additionalProperties": false
    },
    "lovreferanseElement": {
      "description": "Referanse til paragraf, ledd osv, type kan bli enum som er utvidbar .. PARAGRAG, LEDD, STRAFFALTERNATIV",
      "properties": {
        "type": { "type": "string" },
        "verdi": { "type": "string" }
      },
      "required": [ "type", "verdi" ],
      "additionalProperties": false
    },
    "anke": {
      "description": "Anke av fengsling/restriksjon/kjennelse",
      "type": "object",
      "required": [ "anketAv", "oppsettendeVirkning" ],
      "additionalProperties": false,
      "properties": {

        "anketDato": {
          "type": "string",
          "format": "date"
        },
        "anketAv": { "$ref": "#/definitions/anketAvType" },
        "oppsettendeVirkning": {
          "type": "boolean"
        }
      }
    },
    "anketAvType": {
      "description": "Hvem av partene har anket",
      "enum": [ "SIKTET", "FORSVARER", "AKTOR" ],
      "type": "string"
    },
    "avgjoerelseDomstol": {
      "description": "Kjennelse(r) fra retten, etter anke kan antagelig flere retter være involvert og da må vi endre denne",
      "type": "object",
      "required": [ "kjennelse" ],
      "additionalProperties": false,
      "properties": {
        "merknad": { "type": "string" },
        "kjennelse": { "type": "string" }
      }
    },
    "fengsling": {
      "description": "Basis fengsling med til og fra dato",
      "type": "object",
      "required": [ "lovbud" ],
      "additionalProperties": false,
      "properties": {
        "lovbud": { "$ref": "#/definitions/lovbudEnkel" },
        "fraDato": {
          "type": "string",
          "format": "date"
        },
        "tilDato": {
          "type": "string",
          "format": "date"
        }
      }
    },
    "fengslingKjennelse": {
      "description": "Fengsling som en del av kjennelsen, uten datoer så er det ikke noe fengsel",
      "type": "object",
      "required": [ "fengsling", "domstol" ],
      "additionalProperties": false,
      "properties": {
        "domstol": { "$ref": "#/definitions/organisasjon" },
        "avsagtDato": {
          "type": "string",
          "format": "date"
        },
        "fengsling": { "$ref": "#/definitions/fengsling" },
        "anke": { "$ref": "#/definitions/anke" }
      }
    },
    "isolasjon": {
      "description": "Basis isolasjon med til og fra dato, brukes uten datoer på innsettelsesordre",
      "type": "object",
      "required": [ "isolasjonsType" ],
      "additionalProperties": false,
      "properties": {
        "id": { "type": "string" },
        "isolasjonsType": { "$ref": "#/definitions/isolasjonsType" },
        "lovbud": { "$ref": "#/definitions/lovbudEnkel" },
        "fraDato": {
          "type": "string",
          "format": "date"
        },
        "tilDato": {
          "type": "string",
          "format": "date"
        }
      }
    },
    "isolasjonBegjaering": {
      "type": "object",
      "required": [ "id", "isolasjonsType", "lovbud", "periode" ],
      "additionalProperties": false,
      "properties": {
        "id": { "type": "string" },
        "isolasjonsType": { "$ref": "#/definitions/isolasjonsType" },
        "lovbud": { "$ref": "#/definitions/lovbudEnkel" },
        "periode": { "$ref": "#/definitions/periodeStartAntall" }
      }
    },
    "isolasjonOrdre": {
      "description": "Isolasjon fra påtale, dvs. fraDato eller tilDato vil ikke være utfylt før første kjennelse",
      "type": "object",
      "required": [ "merknad", "isolasjon" ],
      "additionalProperties": false,
      "properties": {
        "merknad": { "type": "string" },
        "isolasjon": {
          "type": "array",
          "items": { "$ref": "#/definitions/isolasjon" }
        }
      }
    },
    "isolasjonKjennelse": {
      "description": "Isolasjon fra domstolen, når vi har mottatt den, uten til fra dato kun når det er anke",
      "type": "object",
      "required": [ "isolasjon", "domstol" ],
      "additionalProperties": false,
      "properties": {
        "domstol": { "$ref": "#/definitions/organisasjon" },
        "avsagtDato": {
          "type": "string",
          "format": "date"
        },
        "isolasjon": { "$ref": "#/definitions/isolasjon" },
        "anke": { "$ref": "#/definitions/anke" }
      }
    },
    "isolasjonsType": {
      "description": "Liste over de ulike isolasjonstyper",
      "enum": [
        "FULL_ISOLASJON",
        "DELVIS_ISOLASJON"
      ],
      "type": "string"
    },
    "kjennelseVaretekt": {
      "description": "Kjennelse på varetektsfengsling fra domstolen som sendes til Kriminalomsorgen",
      "type": "object",
      "required": [ "fengsling" ],
      "additionalProperties": false,
      "properties": {
        "merknad": { "type": "string" },
        "fengsling": { "$ref": "#/definitions/fengslingKjennelse" },
        "restriksjoner": {
          "type": "array",
          "items": { "$ref": "#/definitions/restriksjonKjennelse" }
        },
        "isolasjon": {
          "type": "array",
          "items": { "$ref": "#/definitions/restriksjonKjennelse" }
        }
      }
    },
    "kjennelseVaretektOneOf": {
      "description": "Enkelt øvereste nivå på OneOf i hovedskjema",
      "type": "object",
      "required": [ "kjennelse" ],
      "additionalProperties": true,
      "properties": {
        "merknad": { "type": "string" },
        "kjennelse": { "$ref": "#/definitions/kjennelseVaretekt" }
      }
    },
    "ordreVaretektPaatale": {
      "description": "Påtale sin ordre/beslutning om fengsling i fengsel, før vi har en kjennelse fra retten og for å lette på restriksjoner, det er implisit at det er fengsling",
      "type": "object",
      "required": [
        "besluttetAv",
        "tidspunkt"
      ],
      "additionalProperties": false,
      "properties": {
        "merknad": { "type": "string" },
        "besluttetAv": { "$ref": "#/definitions/ansatt" },
        "tidspunkt": {
          "type": "string",
          "format": "date-time"
        },
        "restriksjoner": { "$ref": "#/definitions/restriksjonerOrdre" },
        "isolasjon": { "$ref": "#/definitions/isolasjonOrdre" }
      }
    },
    "ordrePaataleOneOf": {
      "description": "Enkelt øvereste nivå på OneOf i hovedskjema",
      "type": "object",
      "required": [ "ordre" ],
      "additionalProperties": false,
      "properties": {
        "merknad": { "type": "string" },
        "ordre": { "$ref": "#/definitions/ordreVaretektPaatale" }
      }
    },
    "periodeStartAntall": {
      "description": "Periode for fensling eller restriksjon, bruker ikke å spesifisere startdato, derfor lengde og antall dager inn i fengslingen for restriksjoner",
      "type": "object",
      "required": [ "startDag", "antallDager" ],
      "additionalProperties": false,
      "properties": {
        "startDag": { "type": "integer" },
        "antallDager": { "type": "integer" }
      }
    },
    "restriksjon": {
      "description": "Basis restriksjon med til og fra dato,  brukes uten datoer på innsettelsesordre",
      "type": "object",
      "required": [ "restriksjonsType" ],
      "additionalProperties": false,
      "properties": {
        "id": { "type": "string" },
        "restriksjonsType": { "$ref": "#/definitions/restriksjonsType" },
        "lovbud": { "$ref": "#/definitions/lovbudEnkel" },
        "fraDato": {
          "type": "string",
          "format": "date"
        },
        "tilDato": {
          "type": "string",
          "format": "date"
        }
      }
    },
    "restriksjonBegjaering": {
      "type": "object",
      "required": [
        "id",
        "restriksjonsType",
        "lovbud",
        "periode"
      ],
      "additionalProperties": false,
      "properties": {
        "id": { "type": "string" },
        "restriksjonsType": { "$ref": "#/definitions/restriksjonsType" },
        "lovbud": { "$ref": "#/definitions/lovbudEnkel" },
        "periode": { "$ref": "#/definitions/periodeStartAntall" }
      }
    },
    "restriksjonKjennelse": {
      "description": "Restriksjon fra domstolen, når vi har mottatt den, uten til fra dato kun når det er anke",
      "type": "object",
      "required": [ "restriksjon", "domstol" ],
      "additionalProperties": false,
      "properties": {
        "domstol": { "$ref": "#/definitions/organisasjon" },
        "avsagtDato": {
          "type": "string",
          "format": "date"
        },
        "restriksjon": { "$ref": "#/definitions/restriksjon" },
        "anke": { "$ref": "#/definitions/anke" }
      }
    },
    "restriksjonerOrdre": {
      "description": "Restriksjon fra påtale, dvs. fraDato eller tilDato vil ikke være utfylt før første kjennelse",
      "type": "object",
      "required": [ "merknad", "restriksjoner" ],
      "additionalProperties": false,
      "properties": {
        "merknad": { "type": "string" },
        "restriksjoner": {
          "type": "array",
          "items": { "$ref": "#/definitions/restriksjon" }
        }
      }
    },
    "restriksjonsType": {
      "description": "Liste over de ulike restriksjonene",
      "enum": [
        "BREV_OG_BESOEKSFORBUD",
        "BREV_OG_BESOEKSKONTROLL",
        "MEDIEFORBUD",
        "ANNET"
      ],
      "type": "string"
    },
    "foedselsnummer": {
      "type": "string",
      "pattern": "[0-9]+",
      "minLength": 11,
      "maxLength": 11
    },
    "sspNummer": {
      "type": "string",
      "pattern": "[0-9]+",
      "minLength": 11,
      "maxLength": 11
    },
    "dNummer": {
      "type": "string",
      "pattern": "[0-9]+",
      "minLength": 11,
      "maxLength": 11
    },
    "foretak": {
      "description": "Foretak/ organisasjon som er med i en straffesak som f.eks. fornærmet",
      "type": "object",
      "properties": {
        "internId": { "type": "string" },
        "organisasjonsnummer": { "type": "string" },
        "navn": { "type": "string" },
        "adresse": { "$ref": "#/definitions/adresse" }
      },
      "required": [ "internId", "navn" ],
      "additionalProperties": false
    },
    "foretakMini": {
      "description": "Foretak/ organisasjon som er med i en straffesak som f.eks. fornærmet",
      "type": "object",
      "properties": {
        "internId": { "type": "string" },
        "organisasjonsnummer": { "type": "string" },
        "navn": { "type": "string" }
      },
      "required": [ "internId", "navn" ],
      "additionalProperties": false
    },
    "foretakNivaa": {
      "description": "Ekstra nivå for å få med foretak navn på item i miks liste",
      "type": "object",
      "required": [ "foretak" ],
      "properties": {
        "foretak": { "$ref": "#/definitions/foretak" }
      }
    },
    "kjoenn": {
      "description": "Samme enum som folkeregisteret",
      "type": "string",
      "enum": [ "KVINNE", "MANN" ]
    },
    "personnavn": {
      "type": "object",
      "properties": {
        "fornavn": { "type": "string" },
        "mellomnavn": { "type": "string" },
        "etternavn": { "type": "string" }
      },
      "required": [ "etternavn" ],
      "additionalProperties": false
    },
    "personForetakArray": {
      "type": "array",
      "title": "Array med person og/eller foretak",
      "items": {
        "anyOf": [
          {
            "$ref": "#/definitions/personFullNivaa"
          },
          {
            "$ref": "#/definitions/foretakNivaa"
          }
        ]
      }
    },
    "personFullNivaa": {
      "description": "Ekstra nivå for å få med person navn på item",
      "type": "object",
      "required": [ "person" ],
      "properties": {
        "person": { "$ref": "#/definitions/personFull" }
      }
    },
    "personFull": {
      "description": "Person med alle nyttige data som fødselsnummer adresse osv., SSP nummer kun på siktede, tiltalte.",
      "type": "object",
      "properties": {
        "internId": { "type": "string" },
        "navn": { "$ref": "#/definitions/personnavn" },
        "foedselsdato": {
          "type": "string",
          "format": "date"
        },
        "kjoenn": { "$ref": "#/definitions/kjoenn" },
        "statsborgerskap": {
          "type": "array",
          "items": { "$ref": "#/definitions/land" }
        },
        "foedselsnummer": {
          "type": "array",
          "items": { "$ref": "#/definitions/foedselsnummer" }
        },
        "sspNummer": {
          "type": "array",
          "items": { "$ref": "#/definitions/sspNummer" }
        },
        "dNummer": {
          "type": "array",
          "items": { "$ref": "#/definitions/dNummer" }
        },
        "adresse": { "$ref": "#/definitions/adresse" }
      },
      "required": [ "internId", "navn", "foedselsdato" ],
      "additionalProperties": false
    },
    "personMini": {
      "description": "Kun navn og fødselsdato (hvis den finnes)",
      "type": "object",
      "properties": {
        "internId": { "type": "string" },
        "navn": { "$ref": "#/definitions/personnavn" },
        "foedselsdato": {
          "type": "string",
          "format": "date"
        }
      },
      "required": [ "internId", "navn" ],
      "additionalProperties": false
    },
    "profesjonellPerson": {
      "description": "Advokater, tolker, sakkyndige vitner",
      "type": "object",
      "properties": {
        "tittel": { "type": "string" },
        "navn": {
          "type": "object",
          "properties": {
            "fornavn": { "type": "string" },
            "mellomnavn": { "type": "string" },
            "etternavn": { "type": "string" }
          },
          "required": [ "etternavn" ],
          "additionalProperties": false
        },
        "kontakt": { "$ref": "#/definitions/kontaktInfo" }
      },
      "required": [ "navn" ],
      "additionalProperties": false
    },
    "hendelse": {
      "title": "hendelse",
      "type": "object",
      "required": [
        "gjerningstidspunktFra",
        "gjerningstidspunktTil",
        "gjerningssted"
      ],
      "additionalProperties": false,
      "properties": {
        "gjerningstidspunktFra": {
          "type": "string",
          "format": "date-time"
        },
        "gjerningstidspunktTil": {
          "type": "string",
          "format": "date-time"
        },
        "gjerningssted": { "$ref": "#/definitions/adresse" }
      }
    },
    "involverteStraffesak": {
      "description": "siktede, vitner og fornærmede",
      "type": "object",
      "additionalProperties": true,
      "properties": {
        "siktet": { "$ref": "#/definitions/personMini" },
        "medsiktede": { "$ref": "#/definitions/personForetakArray" },
        "fornaermede": { "$ref": "#/definitions/personForetakArray" },
        "vitne": {
          "type": "array",
          "items": { "$ref": "#/definitions/personFull" }
        }
      }
    },
    "siktelseSak": {
      "description": "Siktelsesinformasjon på en enkeltstående straffesak (kun prinsipal ikke subsidiær)",
      "type": "object",
      "required": [ "straffesaksnummer", "detaljer", "involverte" ],
      "additionalProperties": false,
      "properties": {
        "lovbud": { "$ref": "#/definitions/lovbudFull" },
        "grunnlagstekst": { "type": "string" }
      }
    },
    "straffesakMedInvolverteSiktet": {
      "description": "Straffesak med involverte listet samt enkel versjon av siktede",
      "type": "object",
      "required": [ "straffesaksnummer", "detaljer", "involverte" ],
      "additionalProperties": false,
      "properties": {
        "straffesaksnummer": { "type": "string" },
        "detaljer": { "$ref": "#/definitions/straffesakDetaljer" },
        "involverte": { "$ref": "#/definitions/involverteStraffesak" }
      }
    },
    "straffesakDetaljer": {
      "description": "Detaljer rundt straffesaken",
      "type": "object",
      "required": [ "hendelse", "statistikkgruppe" ],
      "additionalProperties": false,
      "properties": {
        "hendelse": { "$ref": "#/definitions/hendelse" },
        "statistikkgruppe": { "$ref": "#/definitions/kodeverk" },
        "krimtype": { "$ref": "#/definitions/kodeverk" }
      }
    },
    "siktelsesinfo": {
      "description": "Siktelsesinformasjon fra straffesaken.",
      "type": "object",
      "required": [ "lovbud" ],
      "additionalProperties": false,
      "properties": {
        "lovbud": { "$ref": "#/definitions/lovbudFull" },
        "grunnlagstekst": { "type": "string" }
      }
    },
    "straffesakLovbudInvolverte": {
      "description": "Straffesak med også krimtype og lovbud, grunnlag samt de involverte",
      "type": "object",
      "required": [ "straffesaksnummer", "detaljer", "involverte" ],
      "additionalProperties": true,
      "properties": {
        "straffesaksnummer": { "type": "string" },
        "detaljer": { "$ref": "#/definitions/straffesakDetaljer" },
        "siktelsesinfo": {
          "$ref": "#/definitions/siktelsesinfo",
          "description": "lovbud og grunnlagsinformasjon som brukes i siktelsen"
        },
        "involverte": { "$ref": "#/definitions/involverteStraffesak" }
      }
    }
  }
}