{
  "$schema": "http://json-schema.org/schema#",

  "type": "object",
  "properties": {
	  "oppdaterVaretekt": {"$ref": "#/$defs/oppdaterVaretekt"}
  },
  "additionalProperties": false,

  "$defs": {
    "oppdaterVaretekt": {
      "description": "Kjennelse fra domstolen eller oppdatering av restriksjoner/isolasjon fra påtale",
      "type": "object",
      "required": [
        "forsendelse",
        "hovedStraffesaksnummer",
        "varetektSyklusId",
        "ordreId",
        "ordreKjennelse"
      ],
      "additionalProperties": false,
      "properties": {
        "forsendelse": {"$ref": "#/references/forsendelse"},
        "hovedStraffesaksnummer": {"type": "string"},
        "varetektSyklusId": {"type": "string"},
        "personVaretekt": {"$ref": "#/references/personFull"},
        "ordreId": {"type": "string"},
        "ordreKjennelse": {"oneOf": [{"$ref": "#/references/ordrePaataleOneOf"},{"$ref": "#/references/kjennelseVaretektOneOf"}]},
        "paagrepetTidspunkt": {"type": "string","format": "date-time"},
        "dokumenter": {"type": "array", "items": {"$ref" : "#/references/dokument"}}
      }
    }
  },
 "references": {
    "ansatt" : {"$ref" : "../../felles/1.0/basistyper.schema.json#/$defs/ansatt"},
    "dokument": {"$ref": "../../felles/1.0/dokument.schema.json#/$defs/dokument"},
    "forsendelse": {"$ref": "../../felles/1.0/forsendelse.schema.json#/$defs/forsendelse"},
    "kjennelseVaretektOneOf": {"$ref": "../../felles/1.0/varetekt.schema.json#/$defs/kjennelseVaretektOneOf"},
    "ordrePaataleOneOf": {"$ref": "../../felles/1.0/varetekt.schema.json#/$defs/ordrePaataleOneOf"},
    "personFull": {"$ref": "../../felles/1.0/person.schema.json#/$defs/personFull"}
  }
}