{
    "melding": "bestilling1",
    "forsendelse": {
      "meldingsId": "C5E8E429-2B8E-48A9-A9D3-FDAA5F9BE5",
      "sendtTid": "2022-11-03T10:19:55+02:00",
      "avsender": {
        "organisasjon": {
          "organisasjonsnummer": "983997953",
          "navn": "Innlandet politidistrikt"
        },
        "saksbehandler": {
          "brukeridentifikasjon": "PD",
          "navn": {
            "etternavn": "Politiets Datatjeneste"
          }
        }
      },
      "mottaker": {
        "organisasjon": {
          "organisasjonsnummer": "890286712",
          "navn": "Bjørgvin fengsel"
        }
      }
    },
    "hovedStraffesaksnummer": "15434811",
    "bestillingAvVaretektsplassId": "0322B3E2-B12B-40B6-8940-799C48706BE5",
    "kontaktPersonKDI": {
      "navn": {
        "etternavn": "navn og bid Jo Å"
      }
    },
    "varetektSyklusId": "D784D27C-C1BB-4BB2-90FD-96C414A64AE1",
    "personVaretektInfo": {
      "personVaretekt": {
        "internId": "700892414",
        "navn": {
          "fornavn": "Morsom",
          "etternavn": "KIWI"
        },
        "foedselsnummer": ["14846399381"],
        "sspNummer": [],
        "dNummer": [],
        "kjoenn": "MANN",
        "foedselsdato": "1963-04-14T00:00:00",
        "statsborgerskap": [
          {
            "kode": "NOR",
            "navn": "Norge"
          }],
        "adresseGradering": "KLIENT_ADRESSE",
        "personAdresse": {
          "gradering": "KLIENT_ADRESSE",
          "adresse": {
            "adresselinjer": ["Bjørklund 21"],
            "postnummer": "4137",
            "poststed": "ÅRDAL I RYFYLKE"
          }
        }
      },
      "tilstandOgHelseInfo": {   
        "selvmordSelskadeRisiko": {
          "bemerket": false
        },
        "fysiskePsykiskeUtfordringer": {
          "bemerket": false
        },
        "behovForMedisiner": {
          "bemerket": false
        },
        "rushistorikk": {
          "bemerket": false
        },
        "rusetIArrest": {
          "bemerket": false
        },
        "voldshistorikk": {
          "bemerket": false
        },
        "bekymringsverdigOppfoersel": {
          "bemerket": false
        },
        "roemningsFare": {
          "bemerket": true,
          "beskrivelse": "Kjent utbryterkonge, familie i utlandet og lett tilgang til privatfly"
        }
  
      },
      
      "straffesaker": [
        {
          "straffesaksnummer": "15434811",
          "detaljer": {
            "hendelse": {
              "gjerningstidspunktFra": "2022-01-01T00:00:00+02:00",
              "gjerningstidspunktTil": "2022-01-01T00:00:00+02:00",
              "gjerningssted": {
                "adresselinjer": ["Waldemar Carlsens veg 4"],
                "postnummer": "2214",
                "poststed": "KONGSVINGER",
                "land": {
                  "kode": "NOR",
                  "navn": "Norge"
                }
              }
            },
            "statistikkgruppe": {
              "kode": "0933",
              "navn": "Mindre tyveri diverse"
            },
            "krimtype": {
              "kode": "02",
              "navn": "Vinning"
            }
          },
          "siktelsesinfo": {
            "lovbud": {
              "lovbudId": "{DC423098-A15E-4408-BB35-85C101725AE0}",
              "lovbudStreng": "Straffeloven § 323 første ledd, jf. § 321",
              "gjengivelse": "for å ha tatt en gjenstand som tilhørte en annen, med forsett om å skaffe seg eller andre en uberettiget vinning ved å selge, forbruke eller på annen måte tilegne seg den. \r\n\r\nStraffskylden er liten fordi det gjelder en ubetydelig verdi og forholdene for øvrig tilsier det.",
              "hjemmel": [],
              "strafferamme": 0
            },
            "grunnlagstekst": "Lørdag 1. januar 2022 kl. 00.00 i Waldemar Carlsens veg 4 i Kongsvinger tok Morsom Kiwi og Masse Kiwi og grisebanket dama til Morsom Kiwi Sannferdig Kos. Sannferdig Kos fikk fire knekte ribbeing, knust nese og knekt fot."
          },
          "involverte": {
            "siktet": {
              "internId": "700892414",
              "navn": {
                "fornavn": "Morsom",
                "etternavn": "KIWI"
              },
              "foedselsdato": "1963-04-14T00:00:00"
            },
            "medsiktede": [
              {
                "type": "person",
                "person": {
                  "internId": "700893213",
                  "navn": {
                    "fornavn": "Per",
                    "etternavn": "OTTERSTAD"
                  },
                  "foedselsnummer": [],
                  "sspNummer": [],
                  "dNummer": [],
                  "kjoenn": "MANN",
                  "foedselsdato": "1975-12-12T00:00:00",
                  "statsborgerskap": [
                    {
                      "kode": "NOR",
                      "navn": "Norge"
                    }]
                }
              },
              {
                "type": "person",
                "person": {
                  "internId": "700892415",
                  "navn": {
                    "fornavn": "Masse",
                    "etternavn": "KIWI"
                  },
                  "foedselsnummer": ["19877099302"],
                  "sspNummer": [],
                  "dNummer": [],
                  "kjoenn": "MANN",
                  "foedselsdato": "1970-07-19T00:00:00",
                  "statsborgerskap": [
                    {
                      "kode": "NOR",
                      "navn": "Norge"
                    }],
                  "personAdresse": {
                    "adresse": {
                      "adresselinjer": ["Rugdeberget 2"],
                      "postnummer": "1266",
                      "poststed": "OSLO"
                    }
                  }
                }
              },
              {
                "type": "foretak",
                "foretak": {
                  "internId": "340078107",
                  "organisasjonsnummer": "984954808",
                  "navn": "Obs"
                }
              }],
            "fornaermede": [
              {
                "type": "person",
                "person": {
                  "internId": "700892735",
                  "navn": {
                    "fornavn": "Sannferdig",
                    "etternavn": "KOS"
                  },
                  "foedselsnummer": ["31907499858"],
                  "sspNummer": [],
                  "dNummer": [],
                  "kjoenn": "KVINNE",
                  "foedselsdato": "1974-10-31T00:00:00",
                  "statsborgerskap": [
                    {
                      "kode": "NOR",
                      "navn": "Norge"
                    }],
                  "personAdresse": {
                    "adresse": {
                      "adresselinjer": ["Bratsberggata 29"],
                      "postnummer": "3714",
                      "poststed": "SKIEN"
                    }
                  }
                }
              }],
            "vitne": [
              {
                "internId": "700892775",
                "navn": {
                  "fornavn": "Naturstridig",
                  "etternavn": "BALLONG"
                },
                "foedselsnummer": ["21907699738"],
                "sspNummer": [],
                "dNummer": [],
                "kjoenn": "MANN",
                "foedselsdato": "1976-10-21T00:00:00",
                "statsborgerskap": [
                  {
                    "kode": "NOR",
                    "navn": "Norge"
                  }],
                "personAdresse": {
                  "adresse": {
                    "adresselinjer": ["Øvstedalsvegen 87"],
                    "postnummer": "6391",
                    "poststed": "TRESFJORD"
                  }
                }
              }]
          }
        },
        {
          "straffesaksnummer": "15434820",
          "detaljer": {
            "hendelse": {
              "gjerningstidspunktFra": "2022-03-01T00:00:00+02:00",
              "gjerningstidspunktTil": "2022-03-01T00:00:00+02:00",
              "gjerningssted": {
                "adresselinjer": ["Loftsgårdsvegen 5"],
                "postnummer": "2670",
                "poststed": "OTTA",
                "land": {
                  "kode": "NOR",
                  "navn": "Norge"
                }
              }
            },
            "statistikkgruppe": {
              "kode": "0753",
              "navn": "Grov narkotikaovertredelse, betydelig mengde"
            },
            "krimtype": {
              "kode": "05",
              "navn": "Narkotika"
            }
          },
          "siktelsesinfo": {
            "lovbud": {
              "lovbudId": "{0B0D6AED-3A43-4B70-AD86-8A4FE38B090B}",
              "lovbudStreng": "Straffeloven § 232 annet ledd første straffalternativ, jf. § 231 første ledd, jf. straffeloven § 27",
              "gjengivelse": "for ulovlig å ha tilvirket, innført, utført, ervervet, oppbevart, sendt eller overdratt narkotika. \r\n\r\nOvertredelsen omfatter en meget betydelig mengde.\r\n\r\nNår et straffebud er overtrådt av noen som har handlet på vegne av et foretak, kan foretaket straffes.",
              "hjemmel": [],
              "strafferamme": 180
            },
            "grunnlagstekst": "Campingbil med kokeutstyr og Breaking Bad DVD'er"
          },
          "involverte": {
            "siktet": {
              "internId": "700892414",
              "navn": {
                "fornavn": "Morsom",
                "etternavn": "KIWI"
              },
              "foedselsdato": "1963-04-14T00:00:00"
            },
            "medsiktede": [
              {
                "type": "person",
                "person": {
                  "internId": "700892415",
                  "navn": {
                    "fornavn": "Masse",
                    "etternavn": "KIWI"
                  },
                  "foedselsnummer": ["19877099302"],
                  "sspNummer": [],
                  "dNummer": [],
                  "kjoenn": "MANN",
                  "foedselsdato": "1970-07-19T00:00:00",
                  "statsborgerskap": [
                    {
                      "kode": "NOR",
                      "navn": "Norge"
                    }],
                  "personAdresse": {
                    "adresse": {
                      "adresselinjer": ["Rugdeberget 2"],
                      "postnummer": "1266",
                      "poststed": "OSLO"
                    }
                  }
                }
              }],
            "fornaermede": [
              {
                "type": "foretak",
                "foretak": {
                  "internId": "60044820",
                  "organisasjonsnummer": "976878442",
                  "navn": "Rema 100"
                }
              }],
            "vitne": [
              {
                "internId": "700892688",
                "navn": {
                  "fornavn": "Ariane",
                  "etternavn": "HUFSETE"
                },
                "foedselsnummer": [],
                "sspNummer": [],
                "dNummer": [],
                "kjoenn": "KVINNE",
                "foedselsdato": "1970-01-01T00:00:00",
                "statsborgerskap": [
                  {
                    "kode": "ARM",
                    "navn": "Armenia"
                  }]
              }]
          }
        },
        {
          "straffesaksnummer": "15434821",
          "detaljer": {
            "hendelse": {
              "gjerningstidspunktFra": "2022-04-05T00:00:00+02:00",
              "gjerningstidspunktTil": "2022-04-05T00:00:00+02:00",
              "gjerningssted": {
                "adresselinjer": ["Rabben 9"],
                "postnummer": "2611",
                "poststed": "LILLEHAMMER",
                "land": {
                  "kode": "NOR",
                  "navn": "Norge"
                }
              }
            },
            "statistikkgruppe": {
              "kode": "1754",
              "navn": "Kroppsskade"
            },
            "krimtype": {
              "kode": "03",
              "navn": "Vold"
            }
          },
          "siktelsesinfo": {
            "lovbud": {
              "lovbudId": "{664DC73B-828D-4196-9D94-5EB1D1811A9B}",
              "lovbudStreng": "Straffeloven § 273",
              "gjengivelse": "for å ha skadet en annens kropp eller helse, gjort en annen fysisk maktesløs eller fremkalt bevisstløshet eller liknende tilstand hos en annen.",
              "hjemmel": [],
              "strafferamme": 72
            },
            "grunnlagstekst": "Lormen Quatro ble lappet til av Morsom Kiwi så han blødde neseblod."
          },
          "involverte": {
            "siktet": {
              "internId": "700892414",
              "navn": {
                "fornavn": "Morsom",
                "etternavn": "KIWI"
              },
              "foedselsdato": "1963-04-14T00:00:00"
            },
            "medsiktede": [],
            "fornaermede": [
              {
                "type": "person",
                "person": {
                  "internId": "700892547",
                  "navn": {
                    "fornavn": "Lormen",
                    "etternavn": "QUATRO"
                  },
                  "foedselsnummer": [],
                  "sspNummer": [],
                  "dNummer": [],
                  "kjoenn": "MANN",
                  "foedselsdato": "1978-01-12T00:00:00",
                  "statsborgerskap": [
                    {
                      "kode": "ITA",
                      "navn": "Italia"
                    }]
                }
              }],
            "vitne": []
          }
        },
        {
          "straffesaksnummer": "15434850",
          "detaljer": {
            "hendelse": {
              "gjerningstidspunktFra": "2015-01-01T00:00:00+02:00",
              "gjerningstidspunktTil": "2015-11-01T00:00:00+02:00",
              "gjerningssted": {
                "adresselinjer": ["Walmannsvegen 81"],
                "postnummer": "2230",
                "poststed": "SKOTTERUD",
                "land": {
                  "kode": "NOR",
                  "navn": "Norge"
                }
              }
            },
            "statistikkgruppe": {
              "kode": "1604",
              "navn": "Trusler, skytevåpen (§ 227)"
            },
            "krimtype": {
              "kode": "03",
              "navn": "Vold"
            }
          },
          "siktelsesinfo": {
            "lovbud": {
              "lovbudId": "{1713FA29-4E82-7F97-E053-0B3EA30AAE0D}",
              "lovbudStreng": "Straffeloven (1902) § 227 første straffalternativ",
              "gjengivelse": "for i ord eller handling å ha truet med en straffbar handling som kan medføre høyere straff enn 6 måneders fengsel, under slike omstendigheter at trusselen var skikket til å fremkalle alvorlig frykt",
              "hjemmel": [],
              "strafferamme": 36
            },
            "grunnlagstekst": "Torsdag 1. januar 2015 kl. 00.00 i Walmannsvegen 81 i Eidskog truet Morsom Kiwi fornærmede med en avsaget hagle."
          },
          "involverte": {
            "siktet": {
              "internId": "700892414",
              "navn": {
                "fornavn": "Morsom",
                "etternavn": "KIWI"
              },
              "foedselsdato": "1963-04-14T00:00:00"
            },
            "medsiktede": [],
            "fornaermede": [
              {
                "type": "person",
                "person": {
                  "internId": "700892735",
                  "navn": {
                    "fornavn": "Sannferdig",
                    "etternavn": "KOS"
                  },
                  "foedselsnummer": ["31907499858"],
                  "sspNummer": [],
                  "dNummer": [],
                  "kjoenn": "KVINNE",
                  "foedselsdato": "1974-10-31T00:00:00",
                  "statsborgerskap": [
                    {
                      "kode": "NOR",
                      "navn": "Norge"
                    }],
                  "personAdresse": {
                    "adresse": {
                      "adresselinjer": ["Bratsberggata 29"],
                      "postnummer": "3714",
                      "poststed": "SKIEN"
                    }
                  }
                }
              }],
            "vitne": []
          }
        }]
    },
    "ordreEllerKjennelseVaretekt": {
      "type": "ordreVaretekt",
      "ordreVaretekt": {
        "merknad": "Første ordre fra påtale. Hvilke varianter av brev og besøksforbud og delvs/full isolasjon er mulig.\r\nHva med annet, hvilken lovhjemmel er det og hva kan det være. Det er ikke mulig strukturert i dag",
        "besluttetAv": {
          "brukeridentifikasjon": "TEB012",
          "tittel": "Politifullmektig",
          "navn": {
            "fornavn": "Tom Erik Wassenaar",
            "etternavn": "Berntsen"
          },
          "kontakt": {
            "telefon": "55224411"
          }
        },
        "tidspunkt": "2022-11-03T10:19:56+02:00",
        "restriksjoner": {
          "merknad": "Ingen brev til denne personen",
          "restriksjoner": [
            {
              "id": "3B7B7E31-84D3-48F7-ABD1-242D58A920E0",
              "restriksjonsType": "BREV_OG_BESOEKSFORBUD",
              "lovbudEnkel": {
                "lovbudStreng": "Strpl. § 186, 2.ledd 1.pkt."
              }
            }]
        },
        "isolasjon": {
          "merknad": "Ingen kontakt",
          "isolasjon": [
            {
              "id": "B3CA93AD-2A4F-4DAE-B048-94E10622CD66",
              "isolasjonsType": "FULL_ISOLASJON",
              "lovbudEnkel": {
                "lovbudStreng": "Strpl. § 186a"
              }
            }]
        }
      }
    },
    "paagrepetTidspunkt": "2022-11-03T10:19:56+02:00",
    "paategningsdokumentRef": {
      "internId": "1231241"
    },
    "dokumenter": [
      {
        "internId": "1234567879",
        "overskrift": "Bestilling av varetektsplass, Kiwi",
        "skrevetDato": "2022-11-03T00:00:00",
        "forsendelse": {
          "mimeType": "application/pdf",
          "uri": "file:///asdfasdf",
          "sjekksum": "234s"
        }
      },
      {
        "internId": "123234567879",
        "overskrift": "Best dok",
        "kategori": {
          "kode": "Bestillingsvedlegg"
        },
        "skrevetDato": "2022-10-14T00:00:00",
        "forsendelse": {
          "mimeType": "application/pdf",
          "uri": "file:///asdfaasdfsdf",
          "sjekksum": "234asass"
        }
      }]
  }